scenario,month_after_permitted_mainnet_launch,active_traders,monthly_notional_per_active_usd,executed_notional_usd,gross_execution_fees_usd,liquidity_allocation_usd,referral_allocation_usd,variable_oracle_cost_usd,restricted_insurance_allocation_usd,keeper_gas_allocation_usd,total_variable_allocations_usd,operating_contribution_usd,fixed_opex_usd,operating_result_before_one_off_costs_and_tax_usd,status
bear,1,60,40000,2400000,1440.0000,480.0000,120.00000,60.000000,120.00000,36.000000,816.000000,624.000000,90000,-89376.000000,unvalidated planning assumption
bear,2,80,40000,3200000,1920.0000,640.0000,160.00000,80.000000,160.00000,48.000000,1088.000000,832.000000,90000,-89168.000000,unvalidated planning assumption
bear,3,100,40000,4000000,2400.0000,800.0000,200.00000,100.000000,200.00000,60.000000,1360.000000,1040.000000,90000,-88960.000000,unvalidated planning assumption
bear,4,130,40000,5200000,3120.0000,1040.0000,260.00000,130.000000,260.00000,78.000000,1768.000000,1352.000000,90000,-88648.000000,unvalidated planning assumption
bear,5,170,40000,6800000,4080.0000,1360.0000,340.00000,170.000000,340.00000,102.000000,2312.000000,1768.000000,90000,-88232.000000,unvalidated planning assumption
bear,6,220,40000,8800000,5280.0000,1760.0000,440.00000,220.000000,440.00000,132.000000,2992.000000,2288.000000,90000,-87712.000000,unvalidated planning assumption
bear,7,280,40000,11200000,6720.0000,2240.0000,560.00000,280.000000,560.00000,168.000000,3808.000000,2912.000000,90000,-87088.000000,unvalidated planning assumption
bear,8,350,40000,14000000,8400.0000,2800.0000,700.00000,350.000000,700.00000,210.000000,4760.000000,3640.000000,90000,-86360.000000,unvalidated planning assumption
bear,9,430,40000,17200000,10320.0000,3440.0000,860.00000,430.000000,860.00000,258.000000,5848.000000,4472.000000,90000,-85528.000000,unvalidated planning assumption
bear,10,520,40000,20800000,12480.0000,4160.0000,1040.00000,520.000000,1040.00000,312.000000,7072.000000,5408.000000,90000,-84592.000000,unvalidated planning assumption
bear,11,620,40000,24800000,14880.0000,4960.0000,1240.00000,620.000000,1240.00000,372.000000,8432.000000,6448.000000,90000,-83552.000000,unvalidated planning assumption
bear,12,750,40000,30000000,18000.0000,6000.0000,1500.00000,750.000000,1500.00000,450.000000,10200.000000,7800.000000,90000,-82200.000000,unvalidated planning assumption
base,1,120,80000,9600000,5760.0000,1920.0000,480.00000,240.000000,480.00000,144.000000,3264.000000,2496.000000,90000,-87504.000000,unvalidated planning assumption
base,2,180,80000,14400000,8640.0000,2880.0000,720.00000,360.000000,720.00000,216.000000,4896.000000,3744.000000,90000,-86256.000000,unvalidated planning assumption
base,3,270,80000,21600000,12960.0000,4320.0000,1080.00000,540.000000,1080.00000,324.000000,7344.000000,5616.000000,90000,-84384.000000,unvalidated planning assumption
base,4,400,80000,32000000,19200.0000,6400.0000,1600.00000,800.000000,1600.00000,480.000000,10880.000000,8320.000000,90000,-81680.000000,unvalidated planning assumption
base,5,600,80000,48000000,28800.0000,9600.0000,2400.00000,1200.000000,2400.00000,720.000000,16320.000000,12480.000000,90000,-77520.000000,unvalidated planning assumption
base,6,850,80000,68000000,40800.0000,13600.0000,3400.00000,1700.000000,3400.00000,1020.000000,23120.000000,17680.000000,90000,-72320.000000,unvalidated planning assumption
base,7,1150,80000,92000000,55200.0000,18400.0000,4600.00000,2300.000000,4600.00000,1380.000000,31280.000000,23920.000000,90000,-66080.000000,unvalidated planning assumption
base,8,1500,80000,120000000,72000.0000,24000.0000,6000.00000,3000.000000,6000.00000,1800.000000,40800.000000,31200.000000,90000,-58800.000000,unvalidated planning assumption
base,9,1900,80000,152000000,91200.0000,30400.0000,7600.00000,3800.000000,7600.00000,2280.000000,51680.000000,39520.000000,90000,-50480.000000,unvalidated planning assumption
base,10,2350,80000,188000000,112800.0000,37600.0000,9400.00000,4700.000000,9400.00000,2820.000000,63920.000000,48880.000000,90000,-41120.000000,unvalidated planning assumption
base,11,2800,80000,224000000,134400.0000,44800.0000,11200.00000,5600.000000,11200.00000,3360.000000,76160.000000,58240.000000,90000,-31760.000000,unvalidated planning assumption
base,12,3300,80000,264000000,158400.0000,52800.0000,13200.00000,6600.000000,13200.00000,3960.000000,89760.000000,68640.000000,90000,-21360.000000,unvalidated planning assumption
bull,1,200,120000,24000000,14400.0000,4800.0000,1200.00000,600.000000,1200.00000,360.000000,8160.000000,6240.000000,90000,-83760.000000,unvalidated planning assumption
bull,2,350,120000,42000000,25200.0000,8400.0000,2100.00000,1050.000000,2100.00000,630.000000,14280.000000,10920.000000,90000,-79080.000000,unvalidated planning assumption
bull,3,550,120000,66000000,39600.0000,13200.0000,3300.00000,1650.000000,3300.00000,990.000000,22440.000000,17160.000000,90000,-72840.000000,unvalidated planning assumption
bull,4,850,120000,102000000,61200.0000,20400.0000,5100.00000,2550.000000,5100.00000,1530.000000,34680.000000,26520.000000,90000,-63480.000000,unvalidated planning assumption
bull,5,1250,120000,150000000,90000.0000,30000.0000,7500.00000,3750.000000,7500.00000,2250.000000,51000.000000,39000.000000,90000,-51000.000000,unvalidated planning assumption
bull,6,1800,120000,216000000,129600.0000,43200.0000,10800.00000,5400.000000,10800.00000,3240.000000,73440.000000,56160.000000,90000,-33840.000000,unvalidated planning assumption
bull,7,2500,120000,300000000,180000.0000,60000.0000,15000.00000,7500.000000,15000.00000,4500.000000,102000.000000,78000.000000,90000,-12000.000000,unvalidated planning assumption
bull,8,3400,120000,408000000,244800.0000,81600.0000,20400.00000,10200.000000,20400.00000,6120.000000,138720.000000,106080.000000,90000,16080.000000,unvalidated planning assumption
bull,9,4500,120000,540000000,324000.0000,108000.0000,27000.00000,13500.000000,27000.00000,8100.000000,183600.000000,140400.000000,90000,50400.000000,unvalidated planning assumption
bull,10,5800,120000,696000000,417600.0000,139200.0000,34800.00000,17400.000000,34800.00000,10440.000000,236640.000000,180960.000000,90000,90960.000000,unvalidated planning assumption
bull,11,7300,120000,876000000,525600.0000,175200.0000,43800.00000,21900.000000,43800.00000,13140.000000,297840.000000,227760.000000,90000,137760.000000,unvalidated planning assumption
bull,12,9000,120000,1080000000,648000.0000,216000.0000,54000.00000,27000.000000,54000.00000,16200.000000,367200.000000,280800.000000,90000,190800.000000,unvalidated planning assumption
